,video_ids
0,oOxP8aAUAQ4
1,E0786A6SUVs
2,2W29MhCSExo
3,xSC9LpHOr9I
4,LW8wfCEWCiw
5,Q6SM_TJnOiA
6,4Q5Jq9sAPuE
7,4O9Qwo0EN00
8,DcDyVehNf1w
9,d9aopUKN8f8
10,f-JsQGIqAWc
11,CXEtS4VSroo
12,UzqXbTAMGNc
13,MYJSv2hckCk
14,G09aGlAu7nA
15,SGnBOs8t9Nw
16,u8ENDu2QO2E
17,jD_b-E0XIHY
18,L6Fdjr-QiJw
19,yTN6q9-uapE
20,O_iIBuLHB2s
21,vfK2zXIexq8
22,Pb-CHAUsQQA
23,3IvX-8mA1Gk
24,O-A6Bgu3Q1M
25,RzRqjf9hBKE
26,-T9iVp_NDDk
27,AD7AYokzyJo
28,1-CaCrwPIZk
29,FCUYUhll6SI
30,IM89MNpdbXc
31,PEHdNdXxpQY
32,vPbaAuBNebY
33,FpYmLdIJ3qk
34,kH5lND3p_sg
35,A4c9yuixBZM
36,y8QK8_8eOJo
37,Efe40xT27xQ
38,WIEfw5SZVNc
39,yy6LtQSClPs
40,YCa6CK5_BLA
41,lv9wjlCim4o
42,b_SBIilQpeU
43,ltQb2mEyZFE
44,e-q2xBj2O8Y
45,t0vdXZ7FGyc
46,O7_CzeMuv1M
47,gCLNLfGQGU8
48,6NBuq3cKmLU
49,XFf7gpxHXYU
50,oOxP8aAUAQ4
51,E0786A6SUVs
52,2W29MhCSExo
53,xSC9LpHOr9I
54,LW8wfCEWCiw
55,Q6SM_TJnOiA
56,4Q5Jq9sAPuE
57,4O9Qwo0EN00
58,DcDyVehNf1w
59,d9aopUKN8f8
60,f-JsQGIqAWc
61,CXEtS4VSroo
62,UzqXbTAMGNc
63,MYJSv2hckCk
64,G09aGlAu7nA
65,SGnBOs8t9Nw
66,u8ENDu2QO2E
67,jD_b-E0XIHY
68,L6Fdjr-QiJw
69,yTN6q9-uapE
70,O_iIBuLHB2s
71,vfK2zXIexq8
72,Pb-CHAUsQQA
73,3IvX-8mA1Gk
74,O-A6Bgu3Q1M
75,RzRqjf9hBKE
76,-T9iVp_NDDk
77,AD7AYokzyJo
78,1-CaCrwPIZk
79,FCUYUhll6SI
80,IM89MNpdbXc
81,PEHdNdXxpQY
82,vPbaAuBNebY
83,FpYmLdIJ3qk
84,kH5lND3p_sg
85,A4c9yuixBZM
86,y8QK8_8eOJo
87,Efe40xT27xQ
88,WIEfw5SZVNc
89,yy6LtQSClPs
90,YCa6CK5_BLA
91,lv9wjlCim4o
92,b_SBIilQpeU
93,ltQb2mEyZFE
94,e-q2xBj2O8Y
95,t0vdXZ7FGyc
96,O7_CzeMuv1M
97,gCLNLfGQGU8
98,6NBuq3cKmLU
99,XFf7gpxHXYU
100,oOxP8aAUAQ4
101,E0786A6SUVs
102,2W29MhCSExo
103,xSC9LpHOr9I
104,LW8wfCEWCiw
105,Q6SM_TJnOiA
106,4Q5Jq9sAPuE
107,4O9Qwo0EN00
108,DcDyVehNf1w
109,d9aopUKN8f8
110,f-JsQGIqAWc
111,CXEtS4VSroo
112,UzqXbTAMGNc
113,MYJSv2hckCk
114,G09aGlAu7nA
115,SGnBOs8t9Nw
116,u8ENDu2QO2E
117,jD_b-E0XIHY
118,L6Fdjr-QiJw
119,yTN6q9-uapE
120,O_iIBuLHB2s
121,vfK2zXIexq8
122,Pb-CHAUsQQA
123,3IvX-8mA1Gk
124,O-A6Bgu3Q1M
125,RzRqjf9hBKE
126,-T9iVp_NDDk
127,AD7AYokzyJo
128,1-CaCrwPIZk
129,FCUYUhll6SI
130,IM89MNpdbXc
131,PEHdNdXxpQY
132,vPbaAuBNebY
133,FpYmLdIJ3qk
134,kH5lND3p_sg
135,A4c9yuixBZM
136,y8QK8_8eOJo
137,Efe40xT27xQ
138,WIEfw5SZVNc
139,yy6LtQSClPs
140,YCa6CK5_BLA
141,lv9wjlCim4o
142,b_SBIilQpeU
143,ltQb2mEyZFE
144,e-q2xBj2O8Y
145,t0vdXZ7FGyc
146,O7_CzeMuv1M
147,gCLNLfGQGU8
148,6NBuq3cKmLU
149,XFf7gpxHXYU
150,oOxP8aAUAQ4
151,E0786A6SUVs
152,2W29MhCSExo
153,xSC9LpHOr9I
154,LW8wfCEWCiw
155,Q6SM_TJnOiA
156,4Q5Jq9sAPuE
157,4O9Qwo0EN00
158,DcDyVehNf1w
159,d9aopUKN8f8
160,f-JsQGIqAWc
161,CXEtS4VSroo
162,UzqXbTAMGNc
163,MYJSv2hckCk
164,G09aGlAu7nA
165,SGnBOs8t9Nw
166,u8ENDu2QO2E
167,jD_b-E0XIHY
168,L6Fdjr-QiJw
169,yTN6q9-uapE
170,O_iIBuLHB2s
171,vfK2zXIexq8
172,Pb-CHAUsQQA
173,3IvX-8mA1Gk
174,O-A6Bgu3Q1M
175,RzRqjf9hBKE
176,-T9iVp_NDDk
177,AD7AYokzyJo
178,1-CaCrwPIZk
179,FCUYUhll6SI
180,IM89MNpdbXc
181,PEHdNdXxpQY
182,vPbaAuBNebY
183,FpYmLdIJ3qk
184,kH5lND3p_sg
185,A4c9yuixBZM
186,y8QK8_8eOJo
187,Efe40xT27xQ
188,WIEfw5SZVNc
189,yy6LtQSClPs
190,YCa6CK5_BLA
191,lv9wjlCim4o
192,b_SBIilQpeU
193,ltQb2mEyZFE
194,e-q2xBj2O8Y
195,t0vdXZ7FGyc
196,O7_CzeMuv1M
197,gCLNLfGQGU8
198,6NBuq3cKmLU
199,XFf7gpxHXYU
200,oOxP8aAUAQ4
201,E0786A6SUVs
202,2W29MhCSExo
203,xSC9LpHOr9I
204,LW8wfCEWCiw
205,Q6SM_TJnOiA
206,4Q5Jq9sAPuE
207,4O9Qwo0EN00
208,DcDyVehNf1w
209,d9aopUKN8f8
210,f-JsQGIqAWc
211,CXEtS4VSroo
212,UzqXbTAMGNc
213,MYJSv2hckCk
214,G09aGlAu7nA
215,SGnBOs8t9Nw
216,u8ENDu2QO2E
217,jD_b-E0XIHY
218,L6Fdjr-QiJw
219,yTN6q9-uapE
220,O_iIBuLHB2s
221,vfK2zXIexq8
222,Pb-CHAUsQQA
223,3IvX-8mA1Gk
224,O-A6Bgu3Q1M
225,RzRqjf9hBKE
226,-T9iVp_NDDk
227,AD7AYokzyJo
228,1-CaCrwPIZk
229,FCUYUhll6SI
230,IM89MNpdbXc
231,PEHdNdXxpQY
232,vPbaAuBNebY
233,FpYmLdIJ3qk
234,kH5lND3p_sg
235,A4c9yuixBZM
236,y8QK8_8eOJo
237,Efe40xT27xQ
238,WIEfw5SZVNc
239,yy6LtQSClPs
240,YCa6CK5_BLA
241,lv9wjlCim4o
242,b_SBIilQpeU
243,ltQb2mEyZFE
244,e-q2xBj2O8Y
245,t0vdXZ7FGyc
246,O7_CzeMuv1M
247,gCLNLfGQGU8
248,6NBuq3cKmLU
249,XFf7gpxHXYU
250,oOxP8aAUAQ4
251,E0786A6SUVs
252,2W29MhCSExo
253,xSC9LpHOr9I
254,LW8wfCEWCiw
255,Q6SM_TJnOiA
256,4Q5Jq9sAPuE
257,4O9Qwo0EN00
258,DcDyVehNf1w
259,d9aopUKN8f8
260,f-JsQGIqAWc
261,CXEtS4VSroo
262,UzqXbTAMGNc
263,MYJSv2hckCk
264,G09aGlAu7nA
265,SGnBOs8t9Nw
266,u8ENDu2QO2E
267,jD_b-E0XIHY
268,L6Fdjr-QiJw
269,yTN6q9-uapE
270,O_iIBuLHB2s
271,vfK2zXIexq8
272,Pb-CHAUsQQA
273,3IvX-8mA1Gk
274,O-A6Bgu3Q1M
275,RzRqjf9hBKE
276,-T9iVp_NDDk
277,AD7AYokzyJo
278,1-CaCrwPIZk
279,FCUYUhll6SI
280,IM89MNpdbXc
281,PEHdNdXxpQY
282,vPbaAuBNebY
283,FpYmLdIJ3qk
284,kH5lND3p_sg
285,A4c9yuixBZM
286,y8QK8_8eOJo
287,Efe40xT27xQ
288,WIEfw5SZVNc
289,yy6LtQSClPs
290,YCa6CK5_BLA
291,lv9wjlCim4o
292,b_SBIilQpeU
293,ltQb2mEyZFE
294,e-q2xBj2O8Y
295,t0vdXZ7FGyc
296,O7_CzeMuv1M
297,gCLNLfGQGU8
298,6NBuq3cKmLU
299,XFf7gpxHXYU
300,oOxP8aAUAQ4
301,E0786A6SUVs
302,2W29MhCSExo
303,xSC9LpHOr9I
304,LW8wfCEWCiw
305,Q6SM_TJnOiA
306,4Q5Jq9sAPuE
307,4O9Qwo0EN00
308,DcDyVehNf1w
309,d9aopUKN8f8
310,f-JsQGIqAWc
311,CXEtS4VSroo
312,UzqXbTAMGNc
313,MYJSv2hckCk
314,G09aGlAu7nA
315,SGnBOs8t9Nw
316,u8ENDu2QO2E
317,jD_b-E0XIHY
318,L6Fdjr-QiJw
319,yTN6q9-uapE
320,O_iIBuLHB2s
321,vfK2zXIexq8
322,Pb-CHAUsQQA
323,3IvX-8mA1Gk
324,O-A6Bgu3Q1M
325,RzRqjf9hBKE
326,-T9iVp_NDDk
327,AD7AYokzyJo
328,1-CaCrwPIZk
329,FCUYUhll6SI
330,IM89MNpdbXc
331,PEHdNdXxpQY
332,vPbaAuBNebY
333,FpYmLdIJ3qk
334,kH5lND3p_sg
335,A4c9yuixBZM
336,y8QK8_8eOJo
337,Efe40xT27xQ
338,WIEfw5SZVNc
339,yy6LtQSClPs
340,YCa6CK5_BLA
341,lv9wjlCim4o
342,b_SBIilQpeU
343,ltQb2mEyZFE
344,e-q2xBj2O8Y
345,t0vdXZ7FGyc
346,O7_CzeMuv1M
347,gCLNLfGQGU8
348,6NBuq3cKmLU
349,XFf7gpxHXYU
350,oOxP8aAUAQ4
351,E0786A6SUVs
352,2W29MhCSExo
353,xSC9LpHOr9I
354,LW8wfCEWCiw
355,Q6SM_TJnOiA
356,4Q5Jq9sAPuE
357,4O9Qwo0EN00
358,DcDyVehNf1w
359,d9aopUKN8f8
360,f-JsQGIqAWc
361,CXEtS4VSroo
362,UzqXbTAMGNc
363,MYJSv2hckCk
364,G09aGlAu7nA
365,SGnBOs8t9Nw
366,u8ENDu2QO2E
367,jD_b-E0XIHY
368,L6Fdjr-QiJw
369,yTN6q9-uapE
370,O_iIBuLHB2s
371,vfK2zXIexq8
372,Pb-CHAUsQQA
373,3IvX-8mA1Gk
374,O-A6Bgu3Q1M
375,RzRqjf9hBKE
376,-T9iVp_NDDk
377,AD7AYokzyJo
378,1-CaCrwPIZk
379,FCUYUhll6SI
380,IM89MNpdbXc
381,PEHdNdXxpQY
382,vPbaAuBNebY
383,FpYmLdIJ3qk
384,kH5lND3p_sg
385,A4c9yuixBZM
386,y8QK8_8eOJo
387,Efe40xT27xQ
388,WIEfw5SZVNc
389,yy6LtQSClPs
390,YCa6CK5_BLA
391,lv9wjlCim4o
392,b_SBIilQpeU
393,ltQb2mEyZFE
394,e-q2xBj2O8Y
395,t0vdXZ7FGyc
396,O7_CzeMuv1M
397,gCLNLfGQGU8
398,6NBuq3cKmLU
399,XFf7gpxHXYU
400,oOxP8aAUAQ4
401,E0786A6SUVs
402,2W29MhCSExo
403,xSC9LpHOr9I
404,LW8wfCEWCiw
405,Q6SM_TJnOiA
406,4Q5Jq9sAPuE
407,4O9Qwo0EN00
408,DcDyVehNf1w
409,d9aopUKN8f8
410,f-JsQGIqAWc
411,CXEtS4VSroo
412,UzqXbTAMGNc
413,MYJSv2hckCk
414,G09aGlAu7nA
415,SGnBOs8t9Nw
416,u8ENDu2QO2E
417,jD_b-E0XIHY
418,L6Fdjr-QiJw
419,yTN6q9-uapE
420,O_iIBuLHB2s
421,vfK2zXIexq8
422,Pb-CHAUsQQA
423,3IvX-8mA1Gk
424,O-A6Bgu3Q1M
425,RzRqjf9hBKE
426,-T9iVp_NDDk
427,AD7AYokzyJo
428,1-CaCrwPIZk
429,FCUYUhll6SI
430,IM89MNpdbXc
431,PEHdNdXxpQY
432,vPbaAuBNebY
433,FpYmLdIJ3qk
434,kH5lND3p_sg
435,A4c9yuixBZM
436,y8QK8_8eOJo
437,Efe40xT27xQ
438,WIEfw5SZVNc
439,yy6LtQSClPs
440,YCa6CK5_BLA
441,lv9wjlCim4o
442,b_SBIilQpeU
443,ltQb2mEyZFE
444,e-q2xBj2O8Y
445,t0vdXZ7FGyc
446,O7_CzeMuv1M
447,gCLNLfGQGU8
448,6NBuq3cKmLU
449,XFf7gpxHXYU
450,oOxP8aAUAQ4
451,E0786A6SUVs
452,2W29MhCSExo
453,xSC9LpHOr9I
454,LW8wfCEWCiw
455,Q6SM_TJnOiA
456,4Q5Jq9sAPuE
457,4O9Qwo0EN00
458,DcDyVehNf1w
459,d9aopUKN8f8
460,f-JsQGIqAWc
461,CXEtS4VSroo
462,UzqXbTAMGNc
463,MYJSv2hckCk
464,G09aGlAu7nA
465,SGnBOs8t9Nw
466,u8ENDu2QO2E
467,jD_b-E0XIHY
468,L6Fdjr-QiJw
469,yTN6q9-uapE
470,O_iIBuLHB2s
471,vfK2zXIexq8
472,Pb-CHAUsQQA
473,3IvX-8mA1Gk
474,O-A6Bgu3Q1M
475,RzRqjf9hBKE
476,-T9iVp_NDDk
477,AD7AYokzyJo
478,1-CaCrwPIZk
479,FCUYUhll6SI
480,IM89MNpdbXc
481,PEHdNdXxpQY
482,vPbaAuBNebY
483,FpYmLdIJ3qk
484,kH5lND3p_sg
485,A4c9yuixBZM
486,y8QK8_8eOJo
487,Efe40xT27xQ
488,WIEfw5SZVNc
489,yy6LtQSClPs
490,YCa6CK5_BLA
491,lv9wjlCim4o
492,b_SBIilQpeU
493,ltQb2mEyZFE
494,e-q2xBj2O8Y
495,t0vdXZ7FGyc
496,O7_CzeMuv1M
497,gCLNLfGQGU8
498,6NBuq3cKmLU
499,XFf7gpxHXYU
